{"cameraMode":{"drawMode":0,"name":"Shaded","section":"Shading Mode"},"sceneLighting":true,"audioPlay":false,"sceneViewState":{"showFog":true,"showMaterialUpdate":false,"showSkybox":true,"showFlares":true,"showImageEffects":true,"showParticleSystems":true},"in2DMode":false,"pivot":{"x":647.719970703125,"y":819.3800048828125,"z":1188.8900146484375},"rotation":{"x":0.07900304347276688,"y":0.8462626338005066,"z":-0.13103970885276795,"w":0.510408878326416},"size":17.3083553314209,"orthographic":false}