{"cameraMode":{"drawMode":0,"name":"Shaded","section":"Shading Mode"},"sceneLighting":true,"audioPlay":false,"sceneViewState":{"showFog":true,"showMaterialUpdate":false,"showSkybox":true,"showFlares":true,"showImageEffects":true,"showParticleSystems":true},"in2DMode":false,"pivot":{"x":661.6052856445313,"y":819.298583984375,"z":1176.5308837890625},"rotation":{"x":-0.1482325792312622,"y":-0.6976197361946106,"z":0.15075848996639253,"w":-0.6847378611564636},"size":48.462947845458987,"orthographic":false}