{"cameraMode":{"drawMode":0,"name":"Shaded","section":"Shading Mode"},"sceneLighting":true,"audioPlay":false,"sceneViewState":{"showFog":true,"showMaterialUpdate":false,"showSkybox":true,"showFlares":true,"showImageEffects":true,"showParticleSystems":true},"in2DMode":false,"pivot":{"x":655.3640747070313,"y":819.6048583984375,"z":1166.802978515625},"rotation":{"x":0.09850554913282395,"y":-0.8982012867927551,"z":0.25936245918273928,"w":0.34114834666252139},"size":31.906301498413087,"orthographic":false}