{"cameraMode":{"drawMode":0,"name":"Shaded","section":"Shading Mode"},"sceneLighting":true,"audioPlay":false,"sceneViewState":{"showFog":true,"showMaterialUpdate":false,"showSkybox":true,"showFlares":true,"showImageEffects":true,"showParticleSystems":true},"in2DMode":false,"pivot":{"x":-0.2034085988998413,"y":0.7820000648498535,"z":2.7200000286102297},"rotation":{"x":0.022067537531256677,"y":-0.9584072828292847,"z":0.273944228887558,"w":0.07721434533596039},"size":4.641658782958984,"orthographic":false}