{"cameraMode":{"drawMode":0,"name":"Shaded","section":"Shading Mode"},"sceneLighting":true,"audioPlay":false,"sceneViewState":{"showFog":true,"showMaterialUpdate":false,"showSkybox":true,"showFlares":true,"showImageEffects":true,"showParticleSystems":true},"in2DMode":false,"pivot":{"x":-0.20340858399868012,"y":-0.06479693949222565,"z":-0.07493896782398224},"rotation":{"x":-0.2029801905155182,"y":0.6848537921905518,"z":-0.20803676545619965,"w":-0.6682115793228149},"size":16.0477237701416,"orthographic":false}